english,tamil,note
Pre-construction,,
Site survey & soil test,,
Drawings & plan sanction,,
Site clearing & levelling,,
"Temporary shed, water & power",,
Setting out & marking,,
Substructure,,
Excavation for footings,,
PCC bed,,
Footing reinforcement,,
Footing concreting,,
Column starters up to plinth,,
Plinth beam shuttering & reinforcement,,
Plinth beam concreting,,
Anti-termite treatment,,
Back filling & plinth filling,,
Column reinforcement & shuttering,,
Column concreting,,
Brickwork / blockwork,,
Lintel & sunshade,,
Curing,,
Roof & terrace,,
Staircase headroom / mumty,,
Parapet wall,,
Roof waterproofing,,
Overhead tank,,
MEP — first fix,,
Electrical conduiting & chasing,,
Plumbing — water supply lines,,
Plumbing — drainage & sewage,,
Finishing,,
Internal plastering,,
External plastering,,
Waterproofing — bathrooms,,
Flooring — tiles / granite,,
Bathroom & kitchen dadoing,,
Door & window frames,,
Shutters & fittings,,
Putty & primer,,
Painting — internal,,
Painting — external,,
Grills & railings,,
MEP — second fix,,
"Electrical wiring, switches & DB",,
Light fittings,,
Sanitary fixtures,,
CP fittings,,
Pump & motor installation,,
External works,,
Sump & septic tank,,
Compound wall,,
Gate,,
Paving & driveway,,
Landscaping,,
Handover,,
Snagging & rectification,,
Deep cleaning,,
EB service connection,,
Final inspection with client,,
Completion certificate & handover,,
Residential G+1,,
Residential G+2,,
Residential G+3,,
Villa / Duplex,,
Finishing — premium,,
External plastering & cladding,,
Waterproofing — bathrooms & terrace,,
Flooring — imported marble / wooden,,
"Joinery — doors, wardrobes",,
Modular kitchen,,
False ceiling & cove lighting,,
"Putty, primer & painting",,
Railings & MS works,,
External & amenities,,
Compound wall & gate,,
Driveway & paving,,
Swimming pool / water feature,,
Landscaping & irrigation,,
Apartment block,,
Pre-construction & approvals,,
Soil investigation report,,
Architectural & structural drawings,,
Plan sanction & CMDA/DTCP approval,,
Site mobilisation & labour camp,,
Setting out & benchmarks,,
Piling & basement,,
Piling works,,
Pile cap excavation,,
Raft / pile cap reinforcement,,
Raft concreting,,
Basement retaining walls,,
Basement waterproofing,,
Basement slab,,
Superstructure,,
Ground floor frame & slab,,
Typical floor cycle — repeat per floor,,
Terrace slab,,
Lift machine room & headroom,,
Staircase flights,,
Blockwork & plastering,,
External blockwork,,
Internal blockwork,,
External plastering & scaffolding,,
Electrical conduiting,,
Plumbing shafts & risers,,
Drainage & sewage lines,,
Fire-fighting piping,,
Lift shaft preparation,,
Flooring — units,,
Dadoing — bathrooms & kitchens,,
Doors & windows,,
"Putty, primer & painting — internal",,
External painting / texture,,
Common area finishes & lobby,,
MEP — second fix & systems,,
"Electrical wiring, DBs & meters",,
Sanitary & CP fittings,,
Lift installation & commissioning,,
Fire alarm & sprinklers,,
"Pumps, sump & OHT",,
STP installation,,
DG set & transformer,,
External development,,
Compound wall & main gate,,
Driveway & parking marking,,
Landscaping & amenities,,
Rainwater harvesting,,
Snagging — unit by unit,,
"Statutory clearances (fire, EB, CMWSSB)",,
Completion certificate,,
Unit handover & documentation,,
Commercial building,,
Soil investigation,,
Design & structural drawings,,
Statutory approvals & NOCs,,
Site mobilisation,,
Piling / footings,,
Raft & pile caps,,
Basement & retaining walls,,
Waterproofing,,
RCC frame — floor cycles,,
Terrace & machine rooms,,
Staircases & cores,,
Envelope & façade,,
Blockwork,,
Plastering,,
Structural glazing / ACP façade,,
Terrace waterproofing,,
MEP,,
Electrical — conduiting & cabling,,
HVAC — ducting & AHU,,
HVAC — chillers & commissioning,,
Fire-fighting & sprinklers,,
Plumbing & drainage,,
Lifts & escalators,,
BMS & access control,,
Interior finishing,,
Flooring — vitrified / granite,,
False ceiling,,
Partitions & glazing,,
Toilets — dadoing & fixtures,,
Painting & texture,,
Signage & wayfinding,,
Parking & paving,,
Compound wall & gates,,
External lighting,,
Testing & commissioning,,
Fire & statutory NOCs,,
Occupancy certificate,,
Client handover & O&M manuals,,
Industrial shed (PEB),,
Soil test & survey,,
PEB design & approval drawings,,
"Statutory approvals (factory licence, fire)",,
Site levelling & mobilisation,,
Foundation,,
Excavation for pedestals,,
PCC & footing reinforcement,,
Pedestal & anchor bolt setting,,
Plinth beam & backfilling,,
PEB structure,,
Steel fabrication & delivery,,
Column erection,,
Rafter & truss erection,,
Purlins & bracing,,
Crane gantry girder,,
Roof sheeting & skylights,,
Wall cladding,,
Gutters & downpipes,,
Civil works,,
Sub-base & compaction,,
VDF / trimix flooring,,
Floor hardener & joints,,
Masonry — offices & utilities,,
Plastering & painting,,
Roller shutters & doors,,
Utilities & MEP,,
Electrical — LT panel & cabling,,
High-bay lighting,,
Transformer & HT line,,
Compressed air lines,,
Fire hydrant & sprinklers,,
EOT crane installation,,
Approach road & hardstanding,,
Compound wall & security gate,,
Weighbridge,,
Storm water drains,,
ETP / STP,,
Snagging,,
Statutory inspections & NOCs,,
Handover & documentation,,
Interior fit-out,,
Pre-work,,
Site measurement & survey,,
Design & GFC drawings,,
Building permissions & work permit,,
Material selection & approvals,,
Demolition & civil,,
Dismantling & debris removal,,
Civil modifications & levelling,,
Waterproofing — wet areas,,
Partitions & ceiling,,
Gypsum / glass partitions,,
False ceiling framework,,
Ceiling boarding & finishing,,
Electrical conduiting & wiring,,
HVAC ducting & diffusers,,
Fire sprinkler modification,,
Data & networking cabling,,
Plumbing — pantry & toilets,,
Finishes,,
Flooring — vinyl / carpet / tiles,,
Wall panelling & cladding,,
Joinery & storage units,,
Pantry & washroom fit-out,,
Glazing & film,,
Loose items & handover,,
Light fittings & controls,,
Furniture delivery & placement,,
Signage & branding,,
